INV,CODEX,concepta,REGESTUM,LITTERAE,CONCEPTUM,locR,locI,locA
60,IIlNNl,2,N,LAT,N,0,00,000
60,IIlNNl,2,I,LAT,N?,0,00,000
91,IIlNNl,2,N,LAT,N,0,00,000
91,IIlNNl,2,I,LAT,I,0,00,000
105,NNl,1,N,LAT,N,0,00,000
111,NNl,1,N,LAT,N,0,00,000
122,NNl,1,N,LAT,N,0,00,000
131,NNl,1,N,LAT,N,0,00,000
135,IIl,1,I,LAT,I,0,00,000
141,IIlNNl,2,I,LAT,I,0,00,000
141,IIlNNl,2,N,LAT,N,0,00,000
171,...IIl,2,I,LAT,I,0,00,000
171,...IIl,2,I,LAT,I,0,00,000
211,CCl,1,C,LAT,C,0,00,000
225,CClIIlIIlNNlPPlPPlXXlXXlXXl,9,I,LAT,I,0,00,000
225,CClIIlIIlNNlPPlPPlXXlXXlXXl,9,X,LAT,NUM,0,00,000
225,CClIIlIIlNNlPPlPPlXXlXXlXXl,9,X,LAT,NUM,0,00,000
225,CClIIlIIlNNlPPlPPlXXlXXlXXl,9,P,LAT,P,0,00,000
225,CClIIlIIlNNlPPlPPlXXlXXlXXl,9,P,LAT,P,0,00,000
225,CClIIlIIlNNlPPlPPlXXlXXlXXl,9,C,LAT,C,0,00,000
225,CClIIlIIlNNlPPlPPlXXlXXlXXl,9,X,LAT,NUM,0,00,000
225,CClIIlIIlNNlPPlPPlXXlXXlXXl,9,N,LAT,N,0,00,000
225,CClIIlIIlNNlPPlPPlXXlXXlXXl,9,I,LAT,I,0,00,000
256,IIlNNlNNlXXl,4,N,LAT,N,0,00,000
256,IIlNNlNNlXXl,4,X,LAT,NUM,0,00,000
256,IIlNNlNNlXXl,4,I,LAT,I,0,00,000
256,IIlNNlNNlXXl,4,N,LAT,N,0,00,000
270,IIlNNlPPlXXl,4,N,LAT,N,0,00,000
270,IIlNNlPPlXXl,4,I,LAT,NUM?,0,00,000
270,IIlNNlPPlXXl,4,X,LAT,NUM,0,00,000
270,IIlNNlPPlXXl,4,P,LAT,P,0,00,000
283,IIl,1,I,LAT,P?,0,00,000
293,IIlPPl,2,P,LAT,P,0,00,000
293,IIlPPl,2,I,LAT,N?,0,00,000
296,NNlPPl,2,P,LAT,P,8,80,8015
296,NNlPPl,2,N,LAT,N,8,80,8015
360,IIl,1,I,LAT,P?,0,00,000
431,IIl,1,I,LAT,I,6,614,61439
432,IIl,1,I,LAT,I,8,80,8015
433,IIlIIlNNl,3,N,LAT,N,8,80,8015
433,IIlIIlNNl,3,I,LAT,I,8,80,8015
433,IIlIIlNNl,3,I,LAT,N?,8,80,8015
441,IIlNNl,2,N,LAT,N,7,77,775
441,IIlNNl,2,I,LAT,I,7,77,775
467,IIlNNlXXl,3,I,LAT,I,6,615,6151
467,IIlNNlXXl,3,N,LAT,N,6,615,6151
467,IIlNNlXXl,3,X,LAT,NUM,6,615,6151
476,IIlIIlNNl,3,N,LAT,N,6,615,61522
476,IIlIIlNNl,3,I,LAT,I,6,615,61522
476,IIlIIlNNl,3,I,LAT,I,6,615,61522
478,IIlIIl,2,I,LAT,N?,6,613,61316
478,IIlIIl,2,I,LAT,N?,6,613,61316
497,NNl,1,N,LAT,N,9,98,985
498,IIlNNl,2,I,LAT,NUM?,0,00,000
498,IIlNNl,2,N,LAT,N,0,00,000
499,NNl,1,N,LAT,N,9,98,986
505,NNl,1,N,LAT,N,6,613,61313
515,NNl,1,N,LAT,N,0,00,000
516,NNl,1,N,LAT,N,0,00,000
517,NNl,1,N,LAT,N,8,82,820
518,NNl,1,N,LAT,N,8,80,8016
519,NNl,1,N,LAT,N,9,96,968
524,NNlNNl,2,N,LAT,N,0,00,000
524,NNlNNl,2,N,LAT,N,0,00,000
530,NNl,1,N,LAT,N,0,00,000
541,NNl,1,N,LAT,N,6,613,61319
557,NNlNNl,2,N,LAT,N,0,00,000
557,NNlNNl,2,N,LAT,N,0,00,000
596,NNlXXlXXlXXlIigIigXxg,7,X,LAT,NUM,0,00,000
596,NNlXXlXXlXXlIigIigXxg,7,X,LAT,NUM,0,00,000
596,NNlXXlXXlXXlIigIigXxg,7,x,GRA,NUM,0,00,000
596,NNlXXlXXlXXlIigIigXxg,7,X,LAT,NUM,0,00,000
596,NNlXXlXXlXXlIigIigXxg,7,N,LAT,N,0,00,000
596,NNlXXlXXlXXlIigIigXxg,7,i,GRA,I,0,00,000
596,NNlXXlXXlXXlIigIigXxg,7,i,GRA,I,0,00,000
601,NNlIigIigNng,4,n,GRA,N,0,00,000
601,NNlIigIigNng,4,N,LAT,N,0,00,000
601,NNlIigIigNng,4,i,GRA,NUM?,0,00,000
601,NNlIigIigNng,4,i,GRA,NUM?,0,00,000
603,IIlIIl,2,I,LAT,NUM?,9,98,980
603,IIlIIl,2,I,LAT,N?,9,98,980
605,NNlIig,2,N,LAT,N,0,00,000
605,NNlIig,2,i,GRA,I,0,00,000
623,NNlNng,2,n,GRA,N,6,65,657
623,NNlNng,2,N,LAT,N,6,65,657
636,IIl,1,I,LAT,N?,0,00,000
639,IIl,1,I,LAT,N?,0,00,000
643,IIlIIlXXlIig,4,I,LAT,N?,0,00,000
643,IIlIIlXXlIig,4,I,LAT,N?,0,00,000
643,IIlIIlXXlIig,4,X,LAT,NUM,0,00,000
643,IIlIIlXXlIig,4,i,GRA,I,0,00,000
649,NNl,1,N,LAT,N,9,95,959
650,NNl,1,N,LAT,N,9,95,959
658,IIl,1,I,LAT,NUM?,9,98,986
662,IIlIIlXXlIig,4,X,LAT,NUM,5,52,520
662,IIlIIlXXlIig,4,I,LAT,N?,5,52,520
662,IIlIIlXXlIig,4,I,LAT,NUM?,5,52,520
662,IIlIIlXXlIig,4,i,GRA,NUM?,5,52,520
663,NNl,1,N,LAT,N,9,98,986
664,XXlIig,2,X,LAT,NUM,0,00,000
664,XXlIig,2,i,GRA,NUM?,0,00,000
665,XXlIig,2,X,LAT,NUM,6,613,61316
665,XXlIig,2,i,GRA,NUM?,6,613,61316
666,XXlIig,2,X,LAT,NUM,8,80,8024
666,XXlIig,2,i,GRA,NUM?,8,80,8024
669,IIl,1,I,LAT,N?,6,614,61438
673,IIl,1,I,LAT,N?,6,614,61438
674,IIl,1,I,LAT,N?,6,614,61438
675,IIl,1,I,LAT,N?,6,614,61438
676,IIlIIlIig,3,I,LAT,N?,0,00,000
676,IIlIIlIig,3,I,LAT,NUM?,0,00,000
676,IIlIIlIig,3,i,GRA,NUM?,0,00,000
683,NNl,1,N,LAT,N,5,52,520
692,IIlNNl,2,N,LAT,N,5,52,520
692,IIlNNl,2,I,LAT,N?,5,52,520
696,IIl,1,I,LAT,I,8,80,8015
697,IIlIIlIIl,3,I,LAT,N?,8,80,8015
697,IIlIIlIIl,3,I,LAT,NUM?,8,80,8015
697,IIlIIlIIl,3,I,LAT,I,8,80,8015
700,IIlXXl,2,I,LAT,I,8,80,8037
700,IIlXXl,2,X,LAT,NUM,8,80,8037
707,IIl,1,I,LAT,N?,9,98,986
720,IIlNNl,2,N,LAT,N,0,00,000
720,IIlNNl,2,I,LAT,I,0,00,000
721,IIl,1,I,LAT,N?,6,614,61438
726,NNlNNl,2,N,LAT,N,9,99,990
726,NNlNNl,2,N,LAT,N,9,99,990
728,IIl,1,I,LAT,I,9,97,974
732,IIlXXl,2,X,LAT,NUM,9,96,965
732,IIlXXl,2,I,LAT,I,9,96,965
734,XXlIig,2,X,LAT,NUM,8,80,8015
734,XXlIig,2,i,GRA,NUM?,8,80,8015
744,IIlNNl,2,I,LAT,NUM?,5,52,520
744,IIlNNl,2,N,LAT,N,5,52,520
752,NNlPPlNng,3,n,GRA,N,6,613,61316
752,NNlPPlNng,3,N,LAT,N,6,613,61316
752,NNlPPlNng,3,P,LAT,P,6,613,61316
753,IIlIIlNNl,3,N,LAT,N,9,97,9720
753,IIlIIlNNl,3,I,LAT,I,9,97,9720
753,IIlIIlNNl,3,I,LAT,I,9,97,9720
768,IIlIIl,2,I,LAT,N?,8,80,8015
768,IIlIIl,2,I,LAT,N?,8,80,8015
769,IIlIIl,2,I,LAT,N?,8,80,8015
769,IIlIIl,2,I,LAT,N?,8,80,8015
770,IIlIIl,2,I,LAT,N?,5,52,520
770,IIlIIl,2,I,LAT,N?,5,52,520
771,IIlIIl,2,I,LAT,N?,5,52,520
771,IIlIIl,2,I,LAT,N?,5,52,520
772,IIlIIl,2,I,LAT,N?,9,92,9218
772,IIlIIl,2,I,LAT,N?,9,92,9218
779,NNl,1,N,LAT,N,0,00,000
780,NNl,1,N,LAT,N,9,98,984
783,IIl,1,I,LAT,N?,0,00,000
787,NNl,1,N,LAT,N,0,00,000
797,IIlIIl,2,I,LAT,NUM?,0,00,000
797,IIlIIl,2,I,LAT,N?,0,00,000
811,IIlIIlIig,3,I,LAT,NUM?,8,80,8015
811,IIlIIlIig,3,I,LAT,I,8,80,8015
811,IIlIIlIig,3,i,GRA,I,8,80,8015
812,IIl,1,I,LAT,I,6,615,61520
826,IIlIIl,2,I,LAT,NUM?,8,82,8221
826,IIlIIl,2,I,LAT,N?,8,82,8221
838,IIlIIlIIl,3,I,LAT,I,0,00,000
838,IIlIIlIIl,3,I,LAT,I,0,00,000
838,IIlIIlIIl,3,I,LAT,N?,0,00,000
842,IIlIIl,2,I,LAT,I,8,80,8015
842,IIlIIl,2,I,LAT,I,8,80,8015
869,IIl,1,I,LAT,I,6,614,61438
893,IIl,1,I,LAT,N?,0,00,000
902,IIlNNl,2,I,LAT,I,0,00,000
902,IIlNNl,2,N,LAT,N,0,00,000
913,IIl,1,I,LAT,NUM?,5,52,520
956,Nng,1,n,GRA,N,9,95,950
957,Iig,1,i,GRA,I,0,00,000
963,Nng,1,n,GRA,N,5,52,520
970,Nng,1,n,GRA,N,0,00,000
971,IigNng,2,n,GRA,N,5,52,521
971,IigNng,2,i,GRA,I,5,52,521
972,Iig,1,i,GRA,I,8,80,8015
973,Nng,1,n,GRA,N,0,00,000
974,Nng,1,n,GRA,N,6,613,61316
975,Nng,1,n,GRA,N,5,52,520
976,IigNng,2,n,GRA,N,5,52,520
976,IigNng,2,i,GRA,I,5,52,520
977,NngPpg,2,n,GRA,N,6,613,61316
977,NngPpg,2,i,GRA,P?,6,613,61316
978,IigIigNng,3,n,GRA,N,6,613,61316
978,IigIigNng,3,i,GRA,I,6,613,61316
978,IigIigNng,3,i,GRA,P?,6,613,61316
979,IigIigNng,3,n,GRA,N,6,613,61316
979,IigIigNng,3,i,GRA,P?,6,613,61316
979,IigIigNng,3,i,GRA,I,6,613,61316
980,IigIigNng,3,n,GRA,N,6,613,61316
980,IigIigNng,3,i,GRA,P?,6,613,61316
980,IigIigNng,3,i,GRA,I,6,613,61316
981,IigIigNng,3,n,GRA,N,6,613,61316
981,IigIigNng,3,i,GRA,P?,6,613,61316
981,IigIigNng,3,i,GRA,I,6,613,61316
982,IigIigNng,3,n,GRA,N,6,613,61316
982,IigIigNng,3,i,GRA,P?,6,613,61316
982,IigIigNng,3,i,GRA,NUM?,6,613,61316
995,IigIig,2,i,GRA,N?,9,95,950
995,IigIig,2,i,GRA,I,9,95,950
1002,IigNngPpg,3,n,GRA,N,0,00,000
1002,IigNngPpg,3,p,GRA,P,0,00,000
1002,IigNngPpg,3,i,GRA,I,0,00,000
1004,Ppg,1,p,GRA,P,6,614,61438
1005,IigPpg,2,i,GRA,I,8,80,805
1005,IigPpg,2,p,GRA,P,8,80,805
1030,IigIigIigIig,4,i,GRA,P?,0,00,000
1030,IigIigIigIig,4,i,GRA,N?,0,00,000
1030,IigIigIigIig,4,i,GRA,I,0,00,000
1030,IigIigIigIig,4,i,GRA,N?,0,00,000
1032,XXlIig,2,X,LAT,NUM,8,80,8015
1032,XXlIig,2,i,GRA,I,8,80,8015
1033,XXlIig,2,i,GRA,I,8,82,8239
1033,XXlIig,2,X,LAT,NUM,8,82,8239
1047,IIlIig,2,I,LAT,NUM?,6,613,61313
1047,IIlIig,2,i,GRA,I,6,613,61313
1057,Nng,1,n,GRA,N,5,51,5118
1058,Nng,1,n,GRA,N,5,52,520
1059,Nng,1,n,GRA,N,5,52,520
1060,Nng,1,n,GRA,N,6,616,61611
1062,IigNng,2,n,GRA,N,5,52,520
1062,IigNng,2,i,GRA,I,5,52,520
1063,IigNng,2,n,GRA,N,5,52,520
1063,IigNng,2,i,GRA,I,5,52,520
1064,IigNng,2,n,GRA,N,6,616,61611
1064,IigNng,2,i,GRA,I,6,616,61611
1080,XXlIig,2,X,LAT,NUM,6,613,61316
1080,XXlIig,2,i,GRA,N?,6,613,61316
1086,Nng,1,n,GRA,N,8,80,8015
1089,Nng,1,n,GRA,N,5,52,5218
1090,Nng,1,n,GRA,N,5,52,521
1091,Nng,1,n,GRA,N,5,52,521
1092,Nng,1,n,GRA,N,5,52,521
1093,Nng,1,n,GRA,N,5,52,521
1096,Nng,1,n,GRA,N,0,00,000
1097,Nng,1,n,GRA,N,9,97,974
1098,Nng,1,n,GRA,N,6,65,657
1099,Nng,1,n,GRA,N,0,00,000
1100,Nng,1,n,GRA,N,0,00,000
1101,Nng,1,n,GRA,N,0,00,000
1103,IigNng,2,n,GRA,N,9,92,9217
1103,IigNng,2,i,GRA,NUM?,9,92,9217
1104,IIlNng,2,I,LAT,I,9,92,9217
1104,IIlNng,2,n,GRA,N,9,92,9217
1105,Nng,1,n,GRA,N,9,92,9217
1106,Nng,1,n,GRA,N,9,92,9217
1107,IigNng,2,n,GRA,N,9,92,9217
1107,IigNng,2,i,GRA,NUM?,9,92,9217
1108,IigIigNng,3,i,GRA,NUM?,9,92,9217
1108,IigIigNng,3,n,GRA,N,9,92,9217
1108,IigIigNng,3,i,GRA,NUM?,9,92,9217
1109,IigNng,2,i,GRA,I,9,92,9217
1109,IigNng,2,n,GRA,N,9,92,9217
1110,IigNng,2,i,GRA,I,9,92,9217
1110,IigNng,2,n,GRA,N,9,92,9217
1111,Nng,1,n,GRA,N,6,613,61316
1112,Nng,1,n,GRA,N,6,613,61316
1121,Nng,1,n,GRA,N,8,80,8015
1125,Nng,1,n,GRA,N,0,00,000
1127,IigNng,2,n,GRA,N,0,00,000
1127,IigNng,2,i,GRA,NUM?,0,00,000
1128,IigIigNng,3,n,GRA,N,0,00,000
1128,IigIigNng,3,i,GRA,NUM?,0,00,000
1128,IigIigNng,3,i,GRA,NUM?,0,00,000
1129,IigNng,2,n,GRA,N,6,615,6156
1129,IigNng,2,i,GRA,NUM?,6,615,6156
1130,IigIigNng,3,n,GRA,N,0,00,000
1130,IigIigNng,3,i,GRA,NUM?,0,00,000
1130,IigIigNng,3,i,GRA,NUM?,0,00,000
1131,IigIigNng,3,n,GRA,N,0,00,000
1131,IigIigNng,3,i,GRA,NUM?,0,00,000
1131,IigIigNng,3,i,GRA,NUM?,0,00,000
1132,SSSIigIigIigNng,5,S,\N,S,6,613,61316
1132,SSSIigIigIigNng,5,n,GRA,N,6,613,61316
1132,SSSIigIigIigNng,5,i,GRA,NUM?,6,613,61316
1132,SSSIigIigIigNng,5,i,GRA,NUM?,6,613,61316
1132,SSSIigIigIigNng,5,i,GRA,NUM?,6,613,61316
1133,IigIigNng,3,i,GRA,NUM?,0,00,000
1133,IigIigNng,3,n,GRA,N,0,00,000
1133,IigIigNng,3,i,GRA,NUM?,0,00,000
1151,IigIig,2,i,GRA,I,0,00,000
1151,IigIig,2,i,GRA,I,0,00,000
1156,IIlIigNng,3,n,GRA,N,0,00,000
1156,IIlIigNng,3,I,LAT,NUM?,0,00,000
1156,IIlIigNng,3,i,GRA,I,0,00,000
1163,IigIig,2,i,GRA,I,6,613,61316
1163,IigIig,2,i,GRA,I,6,613,61316
1165,IigIig,2,i,GRA,NUM?,0,00,000
1165,IigIig,2,i,GRA,I,0,00,000
1169,NngXxg,2,x,GRA,NUM,0,00,000
1169,NngXxg,2,n,GRA,N,0,00,000
1174,IigIigNngNngPpg,5,n,GRA,N,5,52,520
1174,IigIigNngNngPpg,5,n,GRA,N,5,52,520
1174,IigIigNngNngPpg,5,i,GRA,N?,5,52,520
1174,IigIigNngNngPpg,5,i,GRA,N?,5,52,520
1174,IigIigNngNngPpg,5,p,GRA,P,5,52,520
1175,NNlIigIigNngNngNngPpg,6,n,GRA,N,0,00,000
1175,NNlIigIigNngNngNngPpg,6,N,LAT,N,0,00,000
1175,NNlIigIigNngNngNngPpg,6,n,GRA,N,0,00,000
1175,NNlIigIigNngNngNngPpg,6,i,GRA,N?,0,00,000
1175,NNlIigIigNngNngNngPpg,6,p,GRA,P,0,00,000
1175,NNlIigIigNngNngNngPpg,6,i,GRA,NUM?,0,00,000
1176,NngPpg,2,p,GRA,P,5,52,520
1176,NngPpg,2,n,GRA,N,5,52,520
1177,NngPpg,2,n,GRA,N,0,00,000
1177,NngPpg,2,p,GRA,P,0,00,000
1178,IigNngPpg,3,n,GRA,N,8,80,8015
1178,IigNngPpg,3,i,GRA,NUM?,8,80,8015
1178,IigNngPpg,3,p,GRA,P,8,80,8015
1179,NngPpg,2,n,GRA,N,5,52,520
1179,NngPpg,2,p,GRA,P,5,52,520
1180,NngPpg,2,n,GRA,N,6,614,61412
1180,NngPpg,2,p,GRA,P,6,614,61412
1181,NngPpgXxg,3,p,GRA,P,8,80,8015
1181,NngPpgXxg,3,n,GRA,N,8,80,8015
1181,NngPpgXxg,3,x,GRA,NUM,8,80,8015
1182,NngPpg,2,p,GRA,P,5,52,520
1182,NngPpg,2,n,GRA,N,5,52,520
1183,NngNngPpg,3,x,GRA,NUM,6,613,61316
1183,NngNngPpg,3,p,GRA,P,6,613,61316
1183,NngNngPpg,3,n,GRA,N,6,613,61316
1184,NngPpg,2,n,GRA,N,0,00,000
1184,NngPpg,2,p,GRA,P,0,00,000
1185,IigNngPpg,3,n,GRA,N,5,52,520
1185,IigNngPpg,3,p,GRA,P,5,52,520
1185,IigNngPpg,3,i,GRA,NUM?,5,52,520
1190,XXlNngPpgXxg,4,X,LAT,NUM,6,613,61316
1190,XXlNngPpgXxg,4,p,GRA,P,6,613,61316
1190,XXlNngPpgXxg,4,n,GRA,N,6,613,61316
1190,XXlNngPpgXxg,4,x,GRA,NUM,6,613,61316
1191,...Iig,2,...,\N,...,5,52,520
1191,...Iig,2,i,GRA,P?,5,52,520
1195,NngXxgXxg,3,x,GRA,NUM,0,00,000
1195,NngXxgXxg,3,n,GRA,N,0,00,000
1195,NngXxgXxg,3,x,GRA,NUM,0,00,000
1196,NngXxgXxg,3,n,GRA,N,8,82,8239
1196,NngXxgXxg,3,x,GRA,NUM,8,82,8239
1196,NngXxgXxg,3,x,GRA,NUM,8,82,8239
1210,IigIig,2,i,GRA,NUM?,6,613,61316
1210,IigIig,2,i,GRA,I,6,613,61316
1211,NngPpg,2,n,GRA,N,5,52,527
1211,NngPpg,2,p,GRA,P,5,52,527
1213,NngNngPpgXxg,4,n,GRA,N,0,00,000
1213,NngNngPpgXxg,4,n,GRA,N,0,00,000
1213,NngNngPpgXxg,4,x,GRA,NUM,0,00,000
1213,NngNngPpgXxg,4,p,GRA,P,0,00,000
1223,Nng,1,n,GRA,N,8,80,8015
1226,Iig,1,i,GRA,NUM?,5,52,520
1227,Iig,1,i,GRA,NUM?,5,52,520
1228,Iig,1,i,GRA,NUM?,5,52,520
1229,Iig,1,i,GRA,NUM?,5,52,520
1230,Iig,1,i,GRA,NUM?,5,52,520
1240,IigIig,2,i,GRA,NUM?,0,00,000
1240,IigIig,2,i,GRA,I,0,00,000
1241,IigIigIig,3,i,GRA,NUM?,0,00,000
1241,IigIigIig,3,i,GRA,N?,0,00,000
1241,IigIigIig,3,i,GRA,I,0,00,000
1245,IigIig,2,i,GRA,N?,9,96,965
1245,IigIig,2,i,GRA,N?,9,96,965
1246,IigIig,2,i,GRA,N?,9,98,984
1246,IigIig,2,i,GRA,N?,9,98,984
1247,IigIig,2,i,GRA,N?,6,616,61612
1247,IigIig,2,i,GRA,N?,6,616,61612
1259,IigIigIigNng,4,n,GRA,N,5,52,520
1259,IigIigIigNng,4,i,GRA,NUM?,5,52,520
1259,IigIigIigNng,4,i,GRA,NUM?,5,52,520
1259,IigIigIigNng,4,i,GRA,NUM?,5,52,520
1262,IigNng,2,i,GRA,NUM?,9,96,964
1262,IigNng,2,n,GRA,N,9,96,964
1263,IigNng,2,i,GRA,I,5,52,5218
1263,IigNng,2,n,GRA,N,5,52,5218
1273,IigNng,2,i,GRA,I,5,52,520
1273,IigNng,2,n,GRA,N,5,52,520
1280,NngNng,2,n,GRA,N,6,613,61316
1280,NngNng,2,n,GRA,N,6,613,61316
1283,IigIig,2,i,GRA,I,1,12,1220
1283,IigIig,2,i,GRA,I,1,12,1220
1284,IigIig,2,i,GRA,I,1,12,1220
1284,IigIig,2,i,GRA,I,1,12,1220
1285,IigIig,2,i,GRA,I,1,12,1220
1285,IigIig,2,i,GRA,I,1,12,1220
1294,Iig,1,i,GRA,I,6,615,61522
1297,IigXxg,2,x,GRA,NUM,5,52,520
1297,IigXxg,2,i,GRA,I,5,52,520
1300,Nng,1,n,GRA,N,8,82,8229
1301,IigNng,2,n,GRA,N,8,80,8015
1301,IigNng,2,i,GRA,I,8,80,8015
1304,IigNng,2,n,GRA,n,6,613,61316
1304,IigNng,2,i,GRA,NUM?,6,613,61316
1305,IIlIigNng,3,n,GRA,N,6,614,61438
1305,IIlIigNng,3,I,LAT,N?,6,614,61438
1305,IIlIigNng,3,i,GRA,N?,6,614,61438
1306,IIlIigNng,3,n,GRA,N,6,614,61438
1306,IIlIigNng,3,I,LAT,N?,6,614,61438
1306,IIlIigNng,3,i,GRA,N?,6,614,61438
1307,IIlIigNng,3,n,GRA,N,6,614,61438
1307,IIlIigNng,3,I,LAT,N?,6,614,61438
1307,IIlIigNng,3,i,GRA,N?,6,614,61438
1308,IIlIigNng,3,n,GRA,N,6,614,61438
1308,IIlIigNng,3,I,LAT,N?,6,614,61438
1308,IIlIigNng,3,i,GRA,N?,6,614,61438
1309,IigIig,2,i,GRA,NUM?,6,614,61438
1309,IigIig,2,i,GRA,I,6,614,61438
1310,IIlIigIig,3,I,LAT,N?,6,614,61438
1310,IIlIigIig,3,i,GRA,N?,6,614,61438
1310,IIlIigIig,3,i,GRA,N?,6,614,61438
1311,IIlIigIig,3,I,LAT,N?,6,614,61438
1311,IIlIigIig,3,i,GRA,N?,6,614,61438
1311,IIlIigIig,3,i,GRA,N?,6,614,61438
1312,IigIig,2,i,GRA,NUM?,6,614,61438
1312,IigIig,2,i,GRA,I,6,614,61438
1315,IigNng,2,i,GRA,NUM?,9,98,986
1315,IigNng,2,n,GRA,N,9,98,986
1316,Iig,1,i,GRA,N?,0,00,000
1317,IIlIigIigNng,4,i,GRA,NUM?,9,99,990
1317,IIlIigIigNng,4,n,GRA,N,9,99,990
1317,IIlIigIigNng,4,I,LAT,I,9,99,990
1317,IIlIigIigNng,4,i,GRA,N?,9,99,990
1319,Iig,1,i,GRA,I,5,52,520
1330,IigIig,2,i,GRA,NUM?,0,00,000
1330,IigIig,2,i,GRA,I,0,00,000
1332,NNl,1,N,LAT,N,0,00,000
1333,IIlNNlIig,3,N,LAT,N,0,00,000
1333,IIlNNlIig,3,I,LAT,I,0,00,000
1333,IIlNNlIig,3,i,GRA,N?,0,00,000
1334,NNlIigIigNng,4,N,LAT,N,0,00,000
1334,NNlIigIigNng,4,n,GRA,N,0,00,000
1334,NNlIigIigNng,4,i,GRA,N?,0,00,000
1334,NNlIigIigNng,4,i,GRA,NUM?,0,00,000
1335,NNlIigIigNng,4,N,LAT,N,0,00,000
1335,NNlIigIigNng,4,n,GRA,N,0,00,000
1335,NNlIigIigNng,4,i,GRA,NUM?,0,00,000
1335,NNlIigIigNng,4,i,GRA,NUM?,0,00,000
1352,Iig,1,i,GRA,NUM?,0,00,000
1353,IIl,1,I,LAT,I,0,00,000
1373,...IigIig,3,...,\N,...,0,00,000
1373,...IigIig,3,i,GRA,I,0,00,000
1373,...IigIig,3,i,GRA,I,0,00,000
1411,Ccg,1,c,GRA,C,5,52,520
1412,Ccg,1,c,GRA,C,5,52,520
1417,NNlPPlPpg,3,N,LAT,N,0,00,000
1417,NNlPPlPpg,3,P,LAT,P,0,00,000
1417,NNlPPlPpg,3,p,GRA,P,0,00,000
1421,NNlNNlIig,3,N,LAT,N,5,52,520
1421,NNlNNlIig,3,N,LAT,N,5,52,520
1421,NNlNNlIig,3,i,GRA,I,5,52,520
1426,IIlIIlIIlNNlSSSIig,6,S,\N,S,5,51,5115
1426,IIlIIlIIlNNlSSSIig,6,N,LAT,N,5,51,5115
1426,IIlIIlIIlNNlSSSIig,6,I,LAT,I,5,51,5115
1426,IIlIIlIIlNNlSSSIig,6,I,LAT,NUM?,5,51,5115
1426,IIlIIlIIlNNlSSSIig,6,I,LAT,I,5,51,5115
1426,IIlIIlIIlNNlSSSIig,6,i,GRA,I,5,51,5115
1427,IIlNNl,2,I,LAT,I,5,52,520
1427,IIlNNl,2,N,LAT,N,5,52,520
1428,IIlIIlIIlIig,4,I,LAT,I,9,98,986
1428,IIlIIlIIlIig,4,I,LAT,N?,9,98,986
1428,IIlIIlIIlIig,4,I,LAT,NUM?,9,98,986
1428,IIlIIlIIlIig,4,i,GRA,NUM?,9,98,986
1436,IigIig,2,i,GRA,I,1,110,1107
1436,IigIig,2,i,GRA,I,1,110,1107
1446,IigNng,2,n,GRA,N,1,18,180
1446,IigNng,2,i,GRA,NUM?,1,18,180
1447,Nng,1,n,GRA,N,1,18,180
1448,Nng,1,n,GRA,N,1,18,180
1449,Nng,1,n,GRA,N,1,18,180
1453,Iig,1,i,GRA,N?,1,18,181
1460,Iig,1,i,GRA,I,1,110,11013
1461,Iig,1,i,GRA,I,1,18,1817
1481,Iig,1,i,GRA,I,1,18,1815
1495,IigIig,2,i,GRA,NUM?,3,31,315
1495,IigIig,2,i,GRA,NUM?,3,31,315
1496,IigIig,2,i,GRA,NUM?,1,110,1107
1496,IigIig,2,i,GRA,NUM?,1,110,1107
1500,IigIig,2,i,GRA,NUM?,1,18,1818
1500,IigIig,2,i,GRA,N?,1,18,1818
1502,NNl,1,N,LAT,N,extra moe0ia,extra moe0ia0,extra moe0ia00
1503,IIlIigIig,3,i,GRA,N?,1,18,180
1503,IIlIigIig,3,I,LAT,N?,1,18,180
1503,IIlIigIig,3,i,GRA,N?,1,18,180
1504,IIlIigIig,3,i,GRA,N?,1,18,180
1504,IIlIigIig,3,I,LAT,N?,1,18,180
1504,IIlIigIig,3,i,GRA,N?,1,18,180
1505,IIlIigIig,3,i,GRA,N?,1,18,180
1505,IIlIigIig,3,I,LAT,N?,1,18,180
1505,IIlIigIig,3,i,GRA,N?,1,18,180
1506,IIlIigIig,3,i,GRA,N?,1,18,180
1506,IIlIigIig,3,I,LAT,N?,1,18,180
1506,IIlIigIig,3,i,GRA,N?,1,18,180
1507,IIl,1,I,LAT,N?,1,18,180
1508,Nng,1,n,GRA,N,1,17,1715
1509,Nng,1,n,GRA,N,1,18,1810
1510,Nng,1,n,GRA,N,1,17,1715
1513,Nng,1,n,GRA,N,1,18,180
1514,NngNng,2,n,GRA,N,1,17,1715
1514,NngNng,2,n,GRA,N,1,17,1715
1517,IigIig,2,i,GRA,NUM?,1,18,1817
1517,IigIig,2,i,GRA,I,1,18,1817
1518,Iig,1,i,GRA,I,extra moe0ia,extra moe0ia0,extra moe0ia00
1533,Nng,1,n,GRA,N,1,17,1715
1534,Nng,1,n,GRA,N,1,17,1715
1537,Nng,1,n,GRA,N,1,18,1813
1538,IigIigPpg,3,i,GRA,I,1,17,1715
1538,IigIigPpg,3,p,GRA,P,1,17,1715
1538,IigIigPpg,3,i,GRA,I,1,17,1715
1540,NngPpg,2,n,GRA,N,1,111,1112
1540,NngPpg,2,p,GRA,P,1,111,1112
1541,NngPpg,2,n,GRA,N,1,18,180
1541,NngPpg,2,p,GRA,P,1,18,180
1542,IigNngPpg,3,n,GRA,N,1,18,180
1542,IigNngPpg,3,i,GRA,NUM?,1,18,180
1542,IigNngPpg,3,p,GRA,P,1,18,180
1543,IigNngPpg,3,n,GRA,N,1,18,180
1543,IigNngPpg,3,i,GRA,NUM?,1,18,180
1543,IigNngPpg,3,p,GRA,P,1,18,180
1544,NngPpg,2,n,GRA,N,1,18,180
1544,NngPpg,2,p,GRA,P,1,18,180
1545,NngPpg,2,n,GRA,N,1,18,180
1545,NngPpg,2,p,GRA,P,1,18,180
1546,NngPpg,2,n,GRA,N,1,18,180
1546,NngPpg,2,p,GRA,P,1,18,180
1547,NngPpg,2,n,GRA,N,1,18,180
1547,NngPpg,2,p,GRA,P,1,18,180
1548,NngPpg,2,n,GRA,N,1,18,180
1548,NngPpg,2,p,GRA,P,1,18,180
1549,IigNng,2,n,GRA,N,1,18,180
1549,IigNng,2,i,GRA,P,1,18,180
1550,IigNngPpg,3,n,GRA,N,1,18,180
1550,IigNngPpg,3,i,GRA,NUM?,1,18,180
1550,IigNngPpg,3,p,GRA,P,1,18,180
1551,IigNng,2,n,GRA,N,1,18,180
1551,IigNng,2,p,GRA,P,1,18,180
1552,IigIigNng,3,n,GRA,N,1,18,1815
1552,IigIigNng,3,i,GRA,I,1,18,1815
1552,IigIigNng,3,p,GRA,P,1,18,1815
1553,Nng,1,n,GRA,N,1,18,180
1554,Nng,1,n,GRA,N,2,24,247
1569,Nng,1,n,GRA,N,1,110,1101
1572,SSSIigIig,3,S,\N,S,1,18,180
1572,SSSIigIig,3,i,GRA,NUM?,1,18,180
1572,SSSIigIig,3,i,GRA,I,1,18,180
1574,NngNng,2,n,GRA,N,1,17,171
1574,NngNng,2,n,GRA,N,1,17,171
1587,IigNng,2,n,GRA,N,1,19,1912
1587,IigNng,2,i,GRA,N?,1,19,1912
1588,IigNng,2,n,GRA,N,1,19,1912
1588,IigNng,2,i,GRA,N?,1,19,1912
1589,IigIig,2,i,GRA,N?,2,24,247
1589,IigIig,2,i,GRA,NUM?,2,24,247
1590,Nng,1,n,GRA,N,1,19,1912
1597,IIlNNlIig,3,N,LAT,N,1,19,1912
1597,IIlNNlIig,3,I,LAT,N?,1,19,1912
1597,IIlNNlIig,3,i,GRA,I,1,19,1912
1598,IigNng,2,i,GRA,NUM?,2,21,219
1598,IigNng,2,n,GRA,N,2,21,219
1603,Iig,1,i,GRA,I,1,19,1912
1604,IigNng,2,n,GRA,N,1,19,1912
1604,IigNng,2,i,GRA,I,1,19,1912
1605,XXlIigIig,3,X,LAT,NUM,1,19,1912
1605,XXlIigIig,3,i,GRA,I,1,19,1912
1605,XXlIigIig,3,i,GRA,I,1,19,1912
1607,IigIigIig,3,i,GRA,N?,1,19,1912
1607,IigIigIig,3,i,GRA,N?,1,19,1912
1607,IigIigIig,3,i,GRA,NUM?,1,19,1912
1608,IigIig,2,i,GRA,N?,1,19,199
1608,IigIig,2,i,GRA,NUM?,1,19,199
1610,Iig,1,i,GRA,N?,2,24,242
1617,IigIig,2,i,GRA,NUM?,2,26,266
1617,IigIig,2,i,GRA,NUM?,2,26,266
1618,IigIig,2,i,GRA,NUM?,2,21,2111
1618,IigIig,2,i,GRA,NUM?,2,21,2111
1619,IigIig,2,i,GRA,NUM?,2,21,219
1619,IigIig,2,i,GRA,NUM?,2,21,219
1620,IigIig,2,i,GRA,NUM?,2,211,2112
1620,IigIig,2,i,GRA,NUM?,2,211,2112
1621,IigIig,2,i,GRA,NUM?,2,26,264
1621,IigIig,2,i,GRA,NUM?,2,26,264
1623,IigIig,2,i,GRA,NUM?,1,19,199
1623,IigIig,2,i,GRA,NUM?,1,19,199
1624,IigIig,2,i,GRA,NUM?,2,21,2111
1624,IigIig,2,i,GRA,NUM?,2,21,2111
1629,Nng,1,n,GRA,N,2,211,2112
1630,NngNng,2,n,GRA,N,1,19,1912
1630,NngNng,2,n,GRA,N,1,19,1912
1631,NngNng,2,n,GRA,N,1,19,1912
1631,NngNng,2,n,GRA,N,1,19,1912
1632,Nng,1,n,GRA,N,1,19,1912
1633,Nng,1,n,GRA,N,1,19,1912
1634,Nng,1,n,GRA,N,1,19,1912
1635,Nng,1,n,GRA,N,1,19,1912
1636,Nng,1,n,GRA,N,1,19,1912
1637,Nng,1,n,GRA,N,1,19,1912
1638,Nng,1,n,GRA,N,1,19,1912
1639,XXlNng,2,n,GRA,N,1,19,1912
1639,XXlNng,2,X,LAT,NUM,1,19,1912
1640,NNl,1,n,GRA,N,1,19,1912
1643,NNl,1,n,GRA,N,8,82,820
1644,NNlNng,2,n,GRA,N,2,26,264
1644,NNlNng,2,N,LAT,N,2,26,264
1645,NNlNng,2,N,LAT,N,2,26,264
1645,NNlNng,2,n,GRA,N,2,26,264
1646,NNlNng,2,n,GRA,N,2,26,264
1646,NNlNng,2,N,LAT,N,2,26,264
1649,Nng,1,n,GRA,N,2,29,292
1651,Iig,1,i,GRA,N?,1,19,199
1652,IigIig,2,i,GRA,P?,2,26,263
1652,IigIig,2,i,GRA,N?,2,26,263
1653,IigIig,2,i,GRA,N?,1,19,1912
1653,IigIig,2,i,GRA,N?,1,19,1912
1654,IigIig,2,i,GRA,N?,1,19,1912
1654,IigIig,2,i,GRA,NUM?,1,19,1912
1655,Nng,1,n,GRA,N,2,21,210
1657,IigIigNng,3,i,GRA,N?,2,26,263
1657,IigIigNng,3,i,GRA,P?,2,26,263
1657,IigIigNng,3,n,GRA,N,2,26,263
1658,IIlIigIigNng,4,n,GRA,N,1,19,1912
1658,IIlIigIigNng,4,I,LAT,N?,1,19,1912
1658,IIlIigIigNng,4,p,GRA,P?,1,19,1912
1658,IIlIigIigNng,4,i,GRA,NUM?,1,19,1912
1659,IIlIigNng,3,n,GRA,N,1,19,1912
1659,IIlIigNng,3,I,LAT,N?,1,19,1912
1659,IIlIigNng,3,i,GRA,P?,1,19,1912
1660,IigIigIigIigNngNng,6,n,GRA,N,8,82,820
1660,IigIigIigIigNngNng,6,n,GRA,N,8,82,820
1660,IigIigIigIigNngNng,6,i,GRA,N?,8,82,820
1660,IigIigIigIigNngNng,6,i,GRA,N?,8,82,820
1660,IigIigIigIigNngNng,6,i,GRA,I,8,82,820
1660,IigIigIigIigNngNng,6,i,GRA,P?,8,82,820
1661,NngPpg,2,n,GRA,N,1,19,1912
1661,NngPpg,2,p,GRA,P,1,19,1912
1662,IigNng,2,n,GRA,N,1,19,1912
1662,IigNng,2,i,GRA,P?,1,19,1912
1663,Nng,1,n,GRA,N,2,26,264
1664,Iig,1,i,GRA,I,2,24,242
1665,Iig,1,i,GRA,I,2,24,242
1667,IigIigNng,3,n,GRA,N,2,21,2110
1667,IigIigNng,3,i,GRA,I,2,21,2110
1667,IigIigNng,3,i,GRA,P?,2,21,2110
1668,IigIigNng,3,n,GRA,N,2,21,2110
1668,IigIigNng,3,i,GRA,I,2,21,2110
1668,IigIigNng,3,i,GRA,P?,2,21,2110
1669,IigIigNng,3,n,GRA,N,2,21,2110
1669,IigIigNng,3,i,GRA,I,2,21,2110
1669,IigIigNng,3,i,GRA,P?,2,21,2110
1670,IigIigIigNng,4,n,GRA,N,2,21,2110
1670,IigIigIigNng,4,i,GRA,NUM?,2,21,2110
1670,IigIigIigNng,4,i,GRA,P?,2,21,2110
1670,IigIigIigNng,4,i,GRA,I,2,21,2110
1671,Nng,1,n,GRA,N,2,21,2110
1674,NngNng,2,n,GRA,N,2,23,2310
1674,NngNng,2,n,GRA,N,2,23,2310
1675,IigNngNng,3,n,GRA,N,1,19,199
1675,IigNngNng,3,n,GRA,N,1,19,199
1675,IigNngNng,3,i,GRA,I,1,19,199
1676,IigNngNng,3,n,GRA,N,1,19,199
1676,IigNngNng,3,n,GRA,N,1,19,199
1676,IigNngNng,3,i,GRA,I,1,19,199
1678,IigIigXxg,3,x,GRA,NUM,2,24,242
1678,IigIigXxg,3,i,GRA,I,2,24,242
1678,IigIigXxg,3,i,GRA,I,2,24,242
1679,XXlIigIig,3,x,GRA,NUM,2,27,277
1679,XXlIigIig,3,i,GRA,I,2,27,277
1679,XXlIigIig,3,i,GRA,I,2,27,277
1680,Iig,1,i,GRA,I,2,26,266
1683,IigIig,2,i,GRA,I,1,19,1912
1683,IigIig,2,i,GRA,N?,1,19,1912
1684,IigIigNngNng,4,n,GRA,N,1,19,199
1684,IigIigNngNng,4,n,GRA,N,1,19,199
1684,IigIigNngNng,4,i,GRA,N?,1,19,199
1684,IigIigNngNng,4,i,GRA,N?,1,19,199
1685,IigIigIig,3,i,GRA,I,1,19,199
1685,IigIigIig,3,i,GRA,N?,1,19,199
1685,IigIigIig,3,i,GRA,N?,1,19,199
1686,IigIig,2,i,GRA,NUM?,1,19,191
1686,IigIig,2,i,GRA,I,1,19,191
1687,IigIig,2,i,GRA,NUM?,1,19,1912
1687,IigIig,2,i,GRA,I,1,19,1912
1688,IigIig,2,i,GRA,NUM?,1,19,1912
1688,IigIig,2,i,GRA,I,1,19,1912
1710,IigNng,2,i,GRA,I,2,29,290
1710,IigNng,2,n,GRA,N,2,29,290
1712,NNl,1,N,LAT,N,2,210,2100
1721,Nng,1,n,GRA,N,4,414,4140
1722,Nng,1,n,GRA,N,4,414,4140
1726,XXlNng,2,X,LAT,NUM,4,414,4140
1726,XXlNng,2,n,GRA,N,4,414,4140
1727,XXlNng,2,X,LAT,NUM,4,414,4140
1727,XXlNng,2,n,GRA,N,4,414,4140
1728,Nng,1,n,GRA,N,4,414,4140
1729,Nng,1,n,GRA,N,4,414,4140
1730,Nng,1,n,GRA,N,4,414,4140
1731,Nng,1,n,GRA,N,4,414,4140
1732,Nng,1,n,GRA,N,4,414,4140
1733,Nng,1,n,GRA,N,4,414,4140
1734,Nng,1,n,GRA,N,4,414,4140
1735,Nng,1,n,GRA,N,4,414,4140
1736,Nng,1,n,GRA,N,4,414,4140
1737,Nng,1,n,GRA,N,4,414,4140
1738,Nng,1,n,GRA,N,4,414,4140
1739,Nng,1,n,GRA,N,4,414,4140
1740,Nng,1,n,GRA,N,4,414,4140
1741,Nng,1,n,GRA,N,4,414,4140
1742,Nng,1,n,GRA,N,4,414,4140
1743,Nng,1,n,GRA,N,4,414,4140
1744,Nng,1,n,GRA,N,4,414,4140
1745,Nng,1,n,GRA,N,4,414,4140
1746,Nng,1,n,GRA,N,4,414,4140
1747,Nng,1,n,GRA,N,4,414,4140
1748,Nng,1,n,GRA,N,4,414,4140
1749,Nng,1,n,GRA,N,4,414,4140
1750,Nng,1,n,GRA,N,4,414,4140
1751,Nng,1,n,GRA,N,4,414,4140
1752,Nng,1,n,GRA,N,4,414,4140
1753,XXlNng,2,X,LAT,NUM,4,414,4140
1753,XXlNng,2,n,GRA,N,4,414,4140
1754,XXlNng,2,X,LAT,NUM,4,414,4140
1754,XXlNng,2,n,GRA,N,4,414,4140
1755,XXlNng,2,X,LAT,NUM,4,414,4140
1755,XXlNng,2,n,GRA,N,4,414,4140
1756,XXlNng,2,X,LAT,NUM,4,414,4140
1756,XXlNng,2,n,GRA,N,4,414,4140
1757,XXlNng,2,X,LAT,NUM,4,414,4140
1757,XXlNng,2,n,GRA,N,4,414,4140
1758,IigNng,2,n,GRA,N,4,414,4140
1758,IigNng,2,i,GRA,NUM?,4,414,4140
1764,NNlXXlIig,3,X,LAT,NUM,6,611,6110
1764,NNlXXlIig,3,N,LAT,N,6,611,6110
1764,NNlXXlIig,3,i,GRA,N?,6,611,6110
1775,XXlNng,2,X,LAT,NUM,6,616,61626
1775,XXlNng,2,n,GRA,N,6,616,61626
1789,IIlIigIig,3,I,LAT,I,6,616,61610
1789,IIlIigIig,3,i,GRA,N?,6,616,61610
1789,IIlIigIig,3,i,GRA,N?,6,616,61610
1791,IigNng,2,i,GRA,NUM?,6,616,61630
1791,IigNng,2,n,GRA,N,6,616,61630
1795,IigIig,2,i,GRA,NUM?,0,00,000
1795,IigIig,2,i,GRA,I,0,00,000
1796,IigNng,2,n,GRA,N,0,00,000
1796,IigNng,2,i,GRA,I,0,00,000
1803,IigNng,2,n,GRA,N,0,00,000
1803,IigNng,2,i,GRA,P?,0,00,000
1819,IIlIIl,2,I,LAT,P?,0,00,000
1819,IIlIIl,2,I,LAT,I,0,00,000
1826,IIlNNl,2,N,LAT,N,1,110,1107
1826,IIlNNl,2,I,LAT,P?,1,110,1107
1832,IIlNNl,2,N,LAT,N,1,17,1711
1832,IIlNNl,2,I,LAT,N?,1,17,1711
1839,IIlNNl,2,N,LAT,N,1,16,162
1839,IIlNNl,2,I,LAT,N?,1,16,162
1841,IIlNNl,2,N,LAT,N,1,17,1711
1841,IIlNNl,2,I,LAT,N?,1,17,1711
1843,IIlNNlNNl,3,N,LAT,N,1,110,1104
1843,IIlNNlNNl,3,N,LAT,N,1,110,1104
1843,IIlNNlNNl,3,I,LAT,N?,1,110,1104
1860,IIlNNlNNl,3,N,LAT,N,1,16,162
1860,IIlNNlNNl,3,N,LAT,N,1,16,162
1860,IIlNNlNNl,3,I,LAT,I,1,16,162
1879,IIlNNl,2,I,LAT,I,1,18,1810
1879,IIlNNl,2,N,LAT,N,1,18,1810
1881,IIl,1,I,LAT,I,2,25,254
1888,PPlIig,2,P,LAT,P,1,16,160
1888,PPlIig,2,i,GRA,I,1,16,160
1889,IIlIIlPPl,3,I,LAT,I,1,18,1819
1889,IIlIIlPPl,3,I,LAT,I,1,18,1819
1889,IIlIIlPPl,3,P,LAT,P,1,18,1819
1918,IIlIIl,2,I,LAT,N?,1,16,162
1918,IIlIIl,2,I,LAT,I,1,16,162
1922,IIlIIlNNlXXl,4,X,LAT,NUM,1,18,1819
1922,IIlIIlNNlXXl,4,I,LAT,I,1,18,1819
1922,IIlIIlNNlXXl,4,I,LAT,I,1,18,1819
1922,IIlIIlNNlXXl,4,N,LAT,N,1,18,1819
1937,IIlIIl,2,I,LAT,N?,1,17,1711
1937,IIlIIl,2,I,LAT,I,1,17,1711
1939,IIlNNl,2,I,LAT,I,1,18,182
1939,IIlNNl,2,N,LAT,N,1,18,182
1940,IIlNNlNNl,3,N,LAT,N,1,16,162
1940,IIlNNlNNl,3,I,LAT,N,1,16,162
1940,IIlNNlNNl,3,I,LAT,I,1,16,162
1945,IIlNNl,2,N,LAT,N,1,16,162
1945,IIlNNl,2,I,LAT,I,1,16,162
1952,IIlNNl,2,N,LAT,N,1,16,162
1952,IIlNNl,2,I,LAT,I,1,16,162
1954,IIlNNl,2,N,LAT,N,3,34,341
1954,IIlNNl,2,I,LAT,I,3,34,341
1955,IIlIIlNNl,3,I,LAT,N?,1,17,1711
1955,IIlIIlNNl,3,N,LAT,N,1,17,1711
1955,IIlIIlNNl,3,I,LAT,I,1,17,1711
1960,NNl,1,N,LAT,N,1,17,1719
1962,NNl,1,N,LAT,N,0,00,000
1967,NNlIigIig,3,i,GRA,I,3,34,340
1967,NNlIigIig,3,N,LAT,N,3,34,340
1967,NNlIigIig,3,i,GRA,I,3,34,340
1968,ΙΝ,2,N,LAT,N,1,18,180
1968,ΙΝ,2,I,LAT,I,1,18,180
1987,NNl,1,N,LAT,N,1,16,160
1991,NNlIigNng,3,N,LAT,N,1,110,1104
1991,NNlIigNng,3,i,GRA,P?,1,110,1104
1991,NNlIigNng,3,n,GRA,N,1,110,1104
1992,NNl,1,N,LAT,N,1,110,11011
1993,NNlXXl,2,X,LAT,NUM,1,18,1812
1993,NNlXXl,2,N,LAT,N,1,18,1812
1997,NNl,1,N,LAT,N,1,111,1112
2000,NNlXXlXXlNng,4,X,LAT,NUM,1,17,1719
2000,NNlXXlXXlNng,4,X,LAT,NUM,1,17,1719
2000,NNlXXlXXlNng,4,I,LAT,I,1,17,1719
2000,NNlXXlXXlNng,4,n,GRA,NUM,1,17,1719
2001,NNl,1,N,LAT,N,3,34,341
2002,NNl,1,N,LAT,N,3,34,341
2003,IIlIIl,2,I,LAT,NUM?,3,34,341
2003,IIlIIl,2,I,LAT,I,3,34,341
2006,IIlIIlNNlNNl,4,N,LAT,N,1,110,1104
2006,IIlIIlNNlNNl,4,I,LAT,I,1,110,1104
2006,IIlIIlNNlNNl,4,N,LAT,N,1,110,1104
2006,IIlIIlNNlNNl,4,I,LAT,I,1,110,1104
2013,NNl,1,N,LAT,N,1,17,1715
2014,IIlNNl,2,N,LAT,N,1,17,1718
2014,IIlNNl,2,I,LAT,I,1,17,1718
2016,NNl,1,N,LAT,N,1,18,180
2017,IIlIIlNNl,3,I,LAT,I,1,18,187
2017,IIlIIlNNl,3,I,LAT,NUM?,1,18,187
2017,IIlIIlNNl,3,N,LAT,N,1,18,187
2021,NNlNNl,2,N,LAT,N,1,18,180
2021,NNlNNl,2,N,LAT,N,1,18,180
2023,NNl,1,N,LAT,N,1,18,1814
2024,NNl,1,N,LAT,N,1,17,1715
2037,IIlIIlNNl,3,N,LAT,N,extra moe0ia,extra moe0ia0,extra moe0ia00
2037,IIlIIlNNl,3,I,LAT,I,extra moe0ia,extra moe0ia0,extra moe0ia00
2037,IIlIIlNNl,3,I,LAT,I,extra moe0ia,extra moe0ia0,extra moe0ia00
2070,NNl,1,N,LAT,N,1,110,1104
2071,IIl,1,I,LAT,I,1,18,1815
2074,IIlXXl,2,X,LAT,NUM,2,25,253
2074,IIlXXl,2,I,LAT,N?,2,25,253
2076,IIl,1,I,LAT,N?,1,18,1810
2082,IIlIig,2,I,LAT,N?,1,18,182
2082,IIlIig,2,i,GRA,I,1,18,182
2084,IIlIIl,2,I,LAT,I,1,18,1810
2084,IIlIIl,2,I,LAT,N?,1,18,1810
2085,IIlIIl,2,I,LAT,N?,1,18,1810
2085,IIlIIl,2,I,LAT,I,1,18,1810
2091,...IIl,2,...,\N,...,1,18,182
2091,...IIl,2,I,LAT,I,1,18,182
2101,IIl,1,I,LAT,I,1,16,160
2114,IIlNNl,2,N,LAT,N,3,34,340
2114,IIlNNl,2,I,LAT,N?,3,34,340
2125,NNl,1,N,LAT,N,1,18,1818
2145,NNlNNl,2,N,LAT,N,1,18,180
2145,NNlNNl,2,N,LAT,N,1,18,180
2146,NNl,1,N,LAT,N,1,18,180
2147,NNl,1,N,LAT,N,1,18,180
2161,IIlIig,2,i,GRA,I,1,18,180
2161,IIlIig,2,i,GRA,NUM?,1,18,180
2163,IigIig,2,i,GRA,N?,1,18,180
2163,IigIig,2,i,GRA,I,1,18,180
2164,IigIig,2,i,GRA,N?,1,18,180
2164,IigIig,2,i,GRA,I,1,18,180
2165,NNlXXl,2,N,LAT,N,1,16,162
2165,NNlXXl,2,X,LAT,NUM,1,16,162
2171,NNl,1,N,LAT,N,1,17,1719
2177,IigIig,2,i,GRA,NUM?,1,18,180
2177,IigIig,2,i,GRA,NUM?,1,18,180
2195,IIl,1,I,LAT,I,1,110,1108
2200,IIl,1,I,LAT,I,3,31,311
2210,XXl,1,X,LAT,NUM,1,18,1815
2218,CClIIl,2,I,LAT,I,2,21,219
2218,CClIIl,2,C,LAT,C,2,21,219
2225,PPl,1,P,LAT,P,2,21,219
2229,NNl,1,N,LAT,N,2,21,216
2230,...NNlNNlNNl,4,N,LAT,N,1,19,1912
2230,...NNlNNlNNl,4,...,\N,...,1,19,1912
2230,...NNlNNlNNl,4,I,LAT,N?,1,19,1912
2230,...NNlNNlNNl,4,N,LAT,N,1,19,1912
2248,IIlNNlNNl,3,N,LAT,N,1,19,1912
2248,IIlNNlNNl,3,I,LAT,P?,1,19,1912
2248,IIlNNlNNl,3,N,LAT,N,1,19,1912
2250,PPlNng,2,n,GRA,N,1,18,180
2250,PPlNng,2,p,GRA,P,1,18,180
2260,NNlNngNng,3,n,GRA,N,1,19,1913
2260,NNlNngNng,3,n,GRA,N,1,19,1913
2260,NNlNngNng,3,N,LAT,N,1,19,1913
2289,NNl,1,N,LAT,N,2,24,244
2292,IIlNNl,2,N,LAT,N,2,24,2413
2292,IIlNNl,2,I,LAT,I,2,24,2413
2298,NNl,1,N,LAT,N,1,19,1911
2299,IIlNNl,2,I,LAT,I,1,19,1912
2299,IIlNNl,2,N,LAT,N,1,19,1912
2300,NNl,1,N,LAT,N,1,19,1913
2301,IIlNNl,2,I,LAT,N?,1,19,193
2301,IIlNNl,2,N,LAT,N,1,19,193
2305,IIl,1,I,LAT,N?,1,19,1912
2312,IIlIIlNNl,3,N,LAT,N,1,19,1912
2312,IIlIIlNNl,3,I,LAT,I,1,19,1912
2312,IIlIIlNNl,3,I,LAT,I,1,19,1912
2319,IIl,1,I,LAT,I,1,19,198
2327,IIlIIl,2,I,LAT,I,1,19,199
2327,IIlIIl,2,I,LAT,N?,1,19,199
2330,NNl,1,N,LAT,N,2,211,2111
2331,NNl,1,N,LAT,N,1,19,1912
2333,NNl,1,N,LAT,N,2,23,234
2334,IIl,1,I,LAT,N?,1,19,1912
2335,IIlIIl,2,I,LAT,N?,1,19,1912
2335,IIlIIl,2,I,LAT,I,1,19,1912
2342,NNlIig,2,N,LAT,N,1,19,1912
2342,NNlIig,2,i,GRA,N?,1,19,1912
2352,NNl,1,N,LAT,N,0,00,000
2357,Iig,1,i,GRA,NUM?,1,19,198
2364,IIl,1,I,LAT,I,0,00,000
2375,XXl,1,X,LAT,NUM,1,19,196
2432,NNlNNl,2,N,LAT,N,4,40,400
2432,NNlNNl,2,N,LAT,N,4,40,400
2433,IIlNNl,2,N,LAT,N,4,40,400
2433,IIlNNl,2,I,LAT,I,4,40,400
2460,IIlIIl,2,I,LAT,NUM?,4,414,4140
2460,IIlIIl,2,I,LAT,I,4,414,4140
2474,IIlNNlIig,3,S,\N,S,4,417,4170
2474,IIlNNlIig,3,i,GRA,NUM?,4,417,4170
2474,IIlNNlIig,3,N,LAT,N,4,417,4170
2478,NNl,1,N,LAT,N,4,415,4150
2503,XXlXXlXXl,3,X,LAT,NUM,2,28,280
2503,XXlXXlXXl,3,X,LAT,NUM,2,28,280
2503,XXlXXlXXl,3,X,LAT,NUM,2,28,280
2534,IIl,1,I,LAT,N?,6,616,61632
2544,XXlIig,2,X,LAT,NUM,6,616,61635
2544,XXlIig,2,i,GRA,NUM?,6,616,61635
2548,NNlIigNng,3,N,LAT,N,6,616,61630
2548,NNlIigNng,3,n,GRA,N,6,616,61630
2548,NNlIigNng,3,i,GRA,I,6,616,61630
2549,NNlNNl,2,N,LAT,N,6,616,61630
2549,NNlNNl,2,N,LAT,N,6,616,61630
2550,NNlNNl,2,N,LAT,N,6,616,61630
2550,NNlNNl,2,N,LAT,N,6,616,61630
2553,NNl,1,N,LAT,N,0,00,000
2554,NNl,1,N,LAT,N,0,00,000
2555,IIlNNl,2,I,LAT,I,6,616,61626
2555,IIlNNl,2,N,LAT,N,6,616,61626
2562,IIlIIlNNlXXl,4,X,LAT,NUM,0,00,000
2562,IIlIIlNNlXXl,4,I,LAT,I,0,00,000
2562,IIlIIlNNlXXl,4,N,LAT,N,0,00,000
2562,IIlIIlNNlXXl,4,N,LAT,N,0,00,000
2572,NngXxg,2,n,GRA,N,0,00,000
2572,NngXxg,2,x,GRA,NUM,0,00,000
2574,IigIig,2,i,GRA,N?,0,00,000
2574,IigIig,2,i,GRA,N?,0,00,000
2675,Iig,1,i,GRA,I,2,28,286
2683,XXlNng,2,X,LAT,NUM,1,114,1145
2683,XXlNng,2,n,GRA,N,1,114,1145
2684,XXlXXl,2,X,LAT,NUM,1,114,1145
2684,XXlXXl,2,X,LAT,NUM,1,114,1145
2685,IigIig,2,i,GRA,I,1,114,1145
2685,IigIig,2,i,GRA,I,1,114,1145
2712,SSS,1,S,\N,S,1,114,1147
2758,NNlNng,2,N,LAT,N,1,120,1205
2758,NNlNng,2,n,GRA,N,1,120,1205
2767,Nng,1,n,GRA,N,1,117,1172
2799,IigIigNng,3,n,GRA,N,7,716,7160
2799,IigIigNng,3,i,GRA,I,7,716,7160
2799,IigIigNng,3,i,GRA,NUM?,7,716,7160
2808,IIlNNlXXl,3,I,LAT,NUM?,1,111,11117
2808,IIlNNlXXl,3,X,LAT,NUM,1,111,11117
2808,IIlNNlXXl,3,N,LAT,N,1,111,11117
2813,IigIig,2,i,GRA,I,1,112,1127
2813,IigIig,2,i,GRA,I,1,112,1127
2857,PPl,1,P,LAT,P,1,121,1212
2858,Iig,1,i,GRA,I,1,121,1212
2859,IIlNng,2,n,GRA,N,1,121,1212
2859,IIlNng,2,I,LAT,N?,1,121,1212
2860,IIlNNl,2,N,LAT,N,1,121,1212
2860,IIlNNl,2,I,LAT,N?,1,121,1212
2861,IigXxg,2,i,GRA,I,1,121,1212
2861,IigXxg,2,x,GRA,NUM,1,121,1212
2863,NNlNNlXXl,3,X,LAT,NUM,1,111,11116
2863,NNlNNlXXl,3,N,LAT,N,1,111,11116
2863,NNlNNlXXl,3,N,LAT,N,1,111,11116
2864,NNlPPl,2,P,LAT,P,1,111,11116
2864,NNlPPl,2,N,LAT,N,1,111,11116
2867,XXlXXlIig,3,X,LAT,NUM,7,716,71617
2867,XXlXXlIig,3,i,GRA,I,7,716,71617
2867,XXlXXlIig,3,X,LAT,NUM,7,716,71617
2868,...IIlIigNngNng,5,...,\N,...,7,716,71617
2868,...IIlIigNngNng,5,I,LAT,NUM?,7,716,71617
2868,...IIlIigNngNng,5,n,GRA,N,7,716,71617
2868,...IIlIigNngNng,5,i,GRA,I,7,716,71617
2868,...IIlIigNngNng,5,n,GRA,N,7,716,71617
2869,Iig,1,i,GRA,I,7,716,71617
2870,XXlXxg,2,X,LAT,NUM,7,716,71617
2870,XXlXxg,2,x,GRA,NUM,7,716,71617
2873,IigXxg,2,i,GRA,I,7,716,71617
2873,IigXxg,2,x,GRA,NUM,7,716,71617
2888,IIlIig,2,I,LAT,N?,0,00,000
2888,IIlIig,2,I,LAT,I,0,00,000
2889,NngNng,2,n,GRA,N,1,112,1128
2889,NngNng,2,n,GRA,N,1,112,1128
2890,NNl,1,N,LAT,N,0,00,000
2893,Nng,1,n,GRA,N,0,00,000
2898,Iig,1,i,GRA,I,0,00,000
2899,Nng,1,n,GRA,N,0,00,000
2900,Nng,1,n,GRA,N,0,00,000
2901,IigNng,2,i,GRA,N?,0,00,000
2901,IigNng,2,n,GRA,N,0,00,000
2902,IigIigIig,3,i,GRA,I,0,00,000
2902,IigIigIig,3,i,GRA,I,0,00,000
2902,IigIigIig,3,i,GRA,N?,0,00,000
2905,...Nng,2,n,GRA,N,0,00,000
2905,...Nng,2,...,\N,...,0,00,000
2906,IigIig,2,i,GRA,I,0,00,000
2906,IigIig,2,i,GRA,N?,0,00,000
2909,NNlIig,2,N,LAT,N,0,00,000
2909,NNlIig,2,i,GRA,I,0,00,000
2910,NNl,1,N,LAT,N,0,00,000
2911,Nng,1,n,GRA,N,0,00,000
2931,Xxg,1,x,GRA,NUM,0,00,000
